00804,female
00850,male
00895,male
00858,female
00894,male
00851,male
00782,female
01008,female
00915,male
00941,female
00946,female
00970,female
00984,female
00914,male
01009,male
00779,female
00925,female
01007,female
00949,male
00971,female
00835,female
00803,male
00868,female
00857,male
00861,male
00859,male
00892,male
00866,male
00805,female
00802,male
00834,female
00833,female
00867,female
00893,male
00860,male
00869,male
00856,male
00923,female
00749,male
01006,male
00776,male
00924,male
00771,female
00785,male
01001,male
00912,male
00778,male
00747,male
00740,female
00979,male
00948,male
00983,male
00977,male
00741,male
00913,male
00746,male
00784,female
01000,male
00770,male
00922,male
00777,male
00783,male
00976,female
00982,male
00985,male
00947,male
00940,male
00991,male
00998,male
00954,female
00755,male
00900,male
00752,male
00938,male
00799,female
00907,male
00790,female
00764,female
00931,male
00763,female
00909,male
00797,male
00955,male
00952,male
00999,male
00964,female
00990,male
00997,male
01012,female
00796,female
00908,male
00765,female
00930,male
00753,male
00939,male
00906,male
00798,male
00754,female
00901,male
00887,male
00880,male
00874,female
00845,male
00811,male
00829,male
00816,male
00820,female
00844,female
00843,female
00888,male
00875,female
00886,male
00819,male
00826,female
00821,male
00828,female
00817,female
00810,male
00854,male
00898,male
00853,female
00891,male
00865,male
00862,male
00896,male
00836,male
00809,male
00807,male
00838,male
00800,male
00897,male
00863,female
00890,male
00899,male
00852,female
00855,female
00801,female
00806,female
00839,female
00830,male
00989,male
00942,male
00973,male
00987,male
00918,female
00772,male
01002,male
01208,male
01005,male
00775,male
00929,male
00743,male
00911,male
00744,male
00972,female
00988,female
01207,male
00917,male
00928,female
00921,male
00774,male
01004,male
00926,male
01003,male
00919,male
00751,male
00904,male
00756,male
00760,male
01010,male
00794,male
00935,male
00793,female
00767,male
00932,male
00992,male
00966,male
00959,male
00961,male
00995,male
00968,male
00950,male
00766,male
00792,male
00933,female
00795,male
00761,male
00757,female
00768,male
00902,male
00750,female
00905,male
00994,male
00960,female
00812,male
00877,male
00870,male
00884,male
00846,female
00879,male
00841,male
00822,male
00825,male
00813,female
00814,male
00847,female
00885,male
00871,male
00876,male
00882,male
00658,female
00693,female
00667,female
00203,male
00009,male
00499,male
00036,male
00204,male
00660,male
00669,male
00656,female
00490,male
00038,male
00497,male
00007,male
00295,male
00261,male
00602,male
00054,male
00062,male
00096,male
00091,male
00257,male
00268,male
00039,male
00006,male
00234,male
00462,male
00496,male
00668,male
00491,male
00465,female
00657,male
00233,female
00001,female
00008,male
00695,female
00205,male
00037,male
00453,male
00659,female
00666,male
00030,male
00692,male
00256,female
00064,male
00269,male
00097,male
00063,male
00251,male
00603,male
00055,male
00258,female
00604,male
00099,male
00544,male
00120,male
00118,male
00588,male
00127,male
00575,male
00323,male
00129,male
00586,male
00116,male
00572,female
00142,male
00370,male
00714,male
00526,male
00189,male
00519,male
00521,female
00713,male
00383,male
00348,male
00341,male
00173,male
00517,male
00187,female
00528,male
00180,male
00722,male
00174,male
00128,male
00117,female
00573,male
00587,female
00580,male
00322,male
00110,male
00119,male
00542,male
00545,male
00511,male
00186,male
00172,male
00340,male
00724,male
00516,male
00712,male
00520,male
00144,male
00143,male
00527,male
00715,female
00518,male
00188,male
00708,male
00737,female
00161,male
00195,female
00159,male
00192,male
00166,male
00502,male
00739,male
00706,female
00362,male
00150,male
00168,male
00157,female
00701,male
00533,male
00331,male
00103,male
00567,male
00593,male
00558,male
00594,male
00309,male
00132,male
00300,male
00551,male
00135,male
00338,male
00169,male
00364,male
00156,male
00738,male
00707,female
00535,male
00151,male
00363,male
00167,male
00355,female
00503,male
00193,female
00504,male
00736,male
00160,male
00550,male
00134,male
00339,male
00301,male
00133,male
00561,male
00105,male
00595,male
00592,male
00566,female
00619,male
00289,male
00626,female
00070,female
00048,male
00083,male
00077,male
00621,male
00287,male
00617,male
00273,male
00079,male
00046,male
00610,female
00220,male
00012,female
00476,male
00643,female
00471,male
00015,male
00688,male
00023,male
00478,male
00672,male
00216,female
00024,female
00686,male
00229,male
00078,male
00281,male
00275,male
00611,female
00629,male
00616,male
00272,male
00286,male
00049,male
00076,male
00082,male
00618,male
00085,male
00415,male
00627,male
00673,female
00025,female
00217,male
00228,male
00022,female
00674,female
00680,male
00470,male
00642,male
00014,male
00484,male
00645,male
00477,female
00601,male
00291,male
00050,male
00066,male
00059,male
00253,male
00095,male
00608,male
00298,male
00207,male
00035,male
00697,female
00690,female
00664,male
00200,male
00494,male
00004,male
00236,male
00652,male
00460,male
00467,male
00003,male
00493,male
00094,male
00252,male
00299,female
00067,male
00093,female
00058,male
00051,male
00297,male
00056,male
00069,male
00002,male
00230,male
00698,male
00237,male
00005,male
00461,male
00468,male
00691,female
00034,male
00206,male
00710,male
00522,male
00146,male
00179,male
00183,female
00513,male
00721,male
00345,male
00148,male
00170,male
00726,male
00514,male
00184,male
00124,male
00578,female
00318,female
00585,male
00115,male
00320,male
00582,male
00171,male
00515,male
00718,male
00512,male
00176,male
00182,male
00716,male
00524,male
00729,male
00523,male
00711,male
00178,male
00583,male
00577,male
00113,male
00321,male
00114,male
00570,female
00584,male
00546,female
00310,male
00122,male
00597,male
00335,male
00138,male
00100,male
00332,male
00590,male
00552,male
00136,male
00304,female
00109,male
00303,male
00131,male
00368,male
00165,male
00733,male
00501,male
00539,female
00734,male
00162,male
00359,female
00508,male
00153,male
00361,male
00553,female
00137,male
00108,male
00591,male
00333,male
00565,male
00106,male
00334,male
00596,male
00139,male
00509,male
00199,male
00536,male
00360,male
00152,male
00358,male
00155,male
00367,female
00531,male
00538,male
00735,male
00369,male
00164,male
00732,male
00486,male
00640,male
00016,male
00029,female
00223,male
00475,female
00678,male
00671,male
00215,male
00685,male
00488,male
00080,male
00074,male
00246,male
00622,male
00625,male
00241,male
00073,male
00248,female
00613,female
00283,male
00089,male
00284,male
00614,male
00042,male
00213,male
00677,male
00683,female
00684,female
00489,female
00019,male
00222,male
00010,male
00474,male
00646,male
00679,female
00641,male
00473,male
00017,female
00028,female
00088,male
00615,male
00285,male
00249,male
00282,male
00612,male
00086,male
00624,male
00247,male
00075,male
00623,male
00081,male
