00658,male
00693,male
00667,male
00203,male
00009,male
00499,male
00036,male
00204,male
00660,male
00669,male
00656,male
00490,male
00038,male
00497,male
00007,male
00295,male
00261,male
00602,male
00054,male
00062,male
00096,male
00091,male
00257,male
00268,male
00039,male
00006,male
00234,male
00462,male
00496,male
00668,male
00491,male
00465,male
00657,male
00233,male
00001,male
00008,male
00695,male
00205,male
00037,male
00453,male
00659,male
00666,male
00030,male
00692,male
00256,male
00064,male
00269,male
00097,male
00063,male
00251,male
00603,male
00055,male
00258,male
00604,male
00099,male
00544,male
00120,male
00118,male
00588,male
00127,male
00575,male
00323,male
00129,male
00586,male
00116,male
00572,male
00142,male
00370,male
00714,male
00526,male
00189,male
00519,male
00521,male
00713,male
00383,male
00348,male
00341,male
00173,female
00517,male
00187,male
00528,male
00180,male
00722,male
00174,male
00128,male
00117,male
00573,male
00587,male
00580,male
00322,male
00110,male
00119,male
00542,male
00545,male
00511,male
00186,male
00172,male
00340,male
00724,male
00516,male
00712,male
00520,male
00144,male
00143,male
00527,male
00715,male
00518,male
00188,male
00708,male
00737,male
00161,male
00195,male
00159,male
00192,male
00166,male
00502,male
00739,male
00706,male
00362,male
00150,male
00168,male
00157,male
00701,male
00533,male
00331,male
00103,male
00567,male
00593,male
00558,male
00594,male
00309,male
00132,male
00300,male
00551,male
00135,male
00338,male
00169,male
00364,male
00156,male
00738,male
00707,male
00535,male
00151,male
00363,male
00167,male
00355,male
00503,male
00193,male
00504,male
00736,male
00160,male
00550,male
00134,male
00339,male
00301,male
00133,male
00561,male
00105,male
00595,male
00592,male
00566,male
00619,male
00289,male
00626,male
00070,male
00048,male
00083,male
00077,male
00621,male
00287,male
00617,male
00273,male
00079,male
00046,male
00610,male
00220,male
00012,male
00476,male
00643,male
00471,male
00015,male
00688,male
00023,male
00478,male
00672,male
00216,male
00024,male
00686,male
00229,male
00078,male
00281,male
00275,male
00611,male
00629,male
00616,male
00272,male
00286,male
00049,male
00076,male
00082,male
00618,male
00085,male
00415,male
00627,male
00673,male
00025,male
00217,male
00228,male
00022,male
00674,male
00680,male
00470,male
00642,male
00014,male
00484,male
00645,male
00477,male
00601,male
00291,male
00050,male
00066,male
00059,male
00253,male
00095,male
00608,male
00298,male
00207,male
00035,male
00697,male
00690,male
00664,male
00200,male
00494,male
00004,male
00236,male
00652,male
00460,male
00467,male
00003,male
00493,male
00094,male
00252,male
00299,male
00067,male
00093,male
00058,male
00051,male
00297,male
00056,male
00069,male
00002,male
00230,male
00698,male
00237,male
00005,male
00461,male
00468,male
00691,male
00034,male
00206,male
00710,male
00522,male
00146,male
00179,male
00183,male
00513,male
00721,male
00345,male
00148,male
00170,male
00726,male
00514,male
00184,male
00124,male
00578,male
00318,male
00585,male
00115,male
00320,male
00582,male
00171,male
00515,male
00718,male
00512,male
00176,male
00182,male
00716,male
00524,male
00729,male
00523,male
00711,male
00178,male
00583,male
00577,male
00113,male
00321,male
00114,male
00570,male
00584,male
00546,male
00310,male
00122,male
00597,male
00335,male
00138,male
00100,male
00332,male
00590,male
00552,male
00136,male
00304,male
00109,male
00303,male
00131,male
00368,male
00165,male
00733,male
00501,male
00539,male
00734,male
00162,male
00359,male
00508,male
00153,male
00361,male
00553,male
00137,male
00108,male
00591,male
00333,male
00565,male
00106,male
00334,male
00596,male
00139,male
00509,male
00199,male
00536,male
00360,male
00152,male
00358,male
00155,male
00367,male
00531,male
00538,male
00735,male
00369,male
00164,male
00732,male
00486,male
00640,male
00016,male
00029,male
00223,male
00475,male
00678,male
00671,male
00215,male
00685,male
00488,male
00080,male
00074,male
00246,male
00622,male
00625,male
00241,male
00073,male
00248,male
00613,male
00283,male
00089,male
00284,male
00614,male
00042,male
00213,male
00677,male
00683,male
00684,male
00489,male
00019,male
00222,male
00010,male
00474,male
00646,male
00679,male
00641,male
00473,male
00017,male
00028,male
00088,male
00615,male
00285,male
00249,male
00282,male
00612,male
00086,male
00624,male
00247,male
00075,male
00623,male
00081,male
00455,male
00031,female
00452,male
00694,female
00235,female
00053,female
00605,male
00437,male
00098,male
00408,female
00430,male
00266,male
00292,male
00259,female
00250,male
00406,female
00634,male
00439,male
00633,male
00401,female
00065,male
00650,female
00498,female
00661,female
00454,female
00202,female
00400,male
00632,male
00090,female
00635,male
00407,female
00438,male
00293,male
00431,female
00267,male
00260,male
00052,male
00436,male
00294,male
00409,male
00312,male
00315,male
00543,female
00111,female
00581,male
00324,male
00384,male
00377,male
00145,female
00725,female
00510,female
00346,female
00379,female
00325,male
00574,female
00589,female
00314,female
00126,male
00121,male
00313,male
00723,female
00347,male
00175,male
00181,male
00378,male
00529,male
00376,male
00349,female
00371,male
00385,female
00398,female
00505,female
00353,female
00354,female
00730,female
00396,female
00534,male
00365,female
00391,male
00560,female
00104,male
00336,male
00556,female
00569,male
00307,male
00390,female
00532,male
00700,female
00397,male
00158,female
00731,female
00399,male
00709,male
00194,female
00352,male
00306,female
00557,male
00568,male
00337,female
00308,male
00102,male
00330,male
00559,female
00414,male
00242,female
00084,female
00245,female
00413,male
00628,male
00425,female
00041,male
00422,female
00280,male
00644,female
00482,female
00449,male
00485,female
00227,female
00218,female
00681,female
00211,male
00675,male
00447,female
00440,male
00047,male
00423,male
00424,male
00040,female
00244,male
00620,male
00412,male
00288,female
00243,male
00071,male
00687,female
00441,female
00210,female
00446,male
00479,female
00219,male
00689,male
00483,female
00013,female
00221,female
00448,female
00433,male
00057,female
00265,female
00068,female
00296,female
00262,male
00434,female
00606,male
00639,female
00092,male
00402,male
00630,male
00254,male
00061,male
00637,female
00405,male
00238,male
00451,female
00663,male
00469,male
00456,female
00032,male
00699,female
00209,female
00458,male
00655,male
00231,female
00060,male
00404,female
00636,female
00609,female
00631,male
00403,female
00255,female
00263,male
00607,female
00435,male
00638,female
00290,female
00432,female
00600,male
00264,male
00459,male
00492,male
00654,male
00466,female
00208,female
00653,male
00495,female
00457,female
00665,male
00201,female
00033,female
00239,female
00662,male
00450,male
00374,male
00380,female
00387,male
00373,male
00141,female
00525,female
00717,female
00728,female
00177,female
00342,female
00719,male
00389,male
00329,male
00316,female
00540,male
00547,male
00123,male
00311,female
00327,male
00571,female
00549,male
00576,male
00112,male
00185,female
00343,male
00727,female
00388,female
00720,male
00344,female
00149,female
00140,male
00386,male
00381,female
00375,male
00147,male
00548,male
00319,male
00326,male
00579,male
00328,male
00125,female
00317,female
00541,female
00563,female
00107,male
00564,female
00599,female
00555,female
00191,female
00357,male
00506,female
00350,male
00196,male
00366,female
00154,male
00530,female
00392,male
00198,female
00395,male
00705,male
00537,male
00130,male
00302,male
00554,female
00305,male
00598,male
00101,female
00562,male
00704,male
00394,female
00393,male
00703,male
00197,male
00507,female
00163,female
00351,female
00356,female
00500,female
00190,female
00472,male
00224,male
00647,male
00481,female
00443,female
00027,male
00018,female
00682,female
00212,male
00020,male
00444,male
00676,female
00279,female
00410,female
00428,female
00417,female
00087,male
00045,male
00421,female
00419,male
00426,male
00270,male
00021,female
00445,female
00648,male
00442,male
00670,female
00214,male
00026,female
00480,female
00225,female
00487,female
00418,male
00427,male
00271,male
00043,male
00044,male
00276,male
00420,male
00429,male
00416,male
00072,female
00278,female
00411,female
00804,female
00850,female
00895,female
00858,female
00894,male
00851,female
00782,female
01008,male
00915,male
00941,male
00946,male
00970,male
00984,female
00914,female
01009,male
00779,female
00925,female
01007,female
00949,male
00971,female
00978,male
00962,female
00996,female
00965,male
00953,male
00936,female
00963,male
00762,female
00937,female
00791,female
00873,male
00842,female
00889,female
00818,female
00827,female
00872,female
00831,female
00864,male
00837,female
00945,male
00980,female
00974,male
00927,female
00786,male
00920,female
00781,female
00788,female
00916,male
00986,female
00981,male
00943,female
00944,female
00910,female
00745,male
00789,female
00742,male
00780,female
00787,male
00773,male
00769,male
00903,male
00758,female
00957,male
01011,female
00934,female
00951,male
00956,male
00969,female
00967,female
00993,male
00958,female
00815,male
00824,female
00823,female
00883,male
00848,female
00840,female
00878,female
00849,female
00835,male
00803,male
00868,male
00857,male
00861,male
00859,male
00892,male
00866,male
00805,male
00802,male
00834,male
00833,male
00867,male
00893,male
00860,male
00869,male
00856,male
00923,male
00749,male
01006,male
00776,male
00924,male
00771,male
00785,male
01001,male
00912,male
00778,male
00747,male
00740,male
00979,male
00948,male
00983,male
00977,male
00741,male
00913,male
00746,male
00784,male
01000,male
00770,male
00922,male
00777,male
00783,male
00976,male
00982,male
00985,male
00947,male
00940,male
00991,male
00998,male
00954,male
00755,male
00900,male
00752,male
00938,male
00799,male
00907,male
00790,male
00764,male
00931,male
00763,male
00909,male
00797,male
00955,male
00952,male
00999,male
00964,male
00990,male
00997,male
01012,male
00796,male
00908,male
00765,male
00930,male
00753,male
00939,male
00906,male
00798,male
00754,male
00901,male
00887,male
00880,male
00874,male
00845,male
00811,male
00829,male
00816,male
00820,male
00844,male
00843,male
00888,male
00875,male
00886,male
00819,male
00826,male
00821,male
00828,male
00817,male
00810,male
00854,male
00898,male
00853,male
00891,male
00865,male
00862,male
00896,male
00836,male
00809,male
00807,male
00838,male
00800,male
00897,male
00863,male
00890,male
00899,male
00852,male
00855,male
00801,male
00806,male
00839,male
00830,male
00989,male
00942,male
00973,male
00987,male
00918,male
00772,male
01002,male
01208,male
01005,male
00775,male
00929,male
00743,male
00911,male
00744,male
00972,male
00988,male
01207,male
00917,male
00928,male
00921,male
00774,male
01004,male
00926,male
01003,male
00919,male
00751,male
00904,male
00756,male
00760,male
01010,male
00794,male
00935,male
00793,male
00767,male
00932,male
00992,male
00966,male
00959,male
00961,male
00995,male
00968,male
00950,male
00766,male
00792,male
00933,male
00795,male
00761,male
00757,male
00768,male
00902,male
00750,male
00905,male
00994,male
00960,male
00812,male
00877,male
00870,male
00884,male
00846,male
00879,male
00841,male
00822,male
00825,male
00813,male
00814,male
00847,male
00885,male
00871,male
00876,male
00882,male
